episodio,semilla,recompensa,pasos
14,1013,71.64998259531663,233
22,1021,196.24983542064467,698
28,1027,183.5902002387212,693
