episodio,semilla,recompensa,pasos
9,1008,-184.1956054250576,363
10,1009,155.9865936807687,840
11,1010,-173.09885486718002,447
13,1012,-66.50936131488446,236
19,1018,126.48486483955536,1000
