algoritmo,timesteps,duracion_minutos
DQN,100000,3.3903860211372376
PPO,1000000,15.016657646497091
A2C,500000,5.838583751519521
QR-DQN,100000,88.59660991430283
